Dataset;Algoritm;Approach;window;model;resample;F1-Score(weighted);Accuracy;Sensitivity;Specificity;ROC
wro4j;LogistRegression;Trad;0;model1;ROS;0.7459090302;0.6925502562;0.6666666667;0.6959625251;0.6813145959
wro4j;LogistRegression;Trad;0;model1;SMOTE;0.7487387212;0.6962948364;0.6615905245;0.7008699532;0.6812302388
wro4j;LogistRegression;Trad;0;model1;NONE;0.744341849;0.6905794245;0.6632825719;0.6941780058;0.6787302889
wro4j;LogistRegression;Trad;0;model2;NONE;0.7475862726;0.6949152542;0.654822335;0.7002007584;0.6775115467
wro4j;LogistRegression;Trad;0;model2;SMOTE;0.7508054624;0.699251084;0.6463620981;0.706223511;0.6762928046
wro4j;MLP;Trad;0;model2;ROS;0.7819923437;0.7422152148;0.5854483926;0.7628819987;0.6741651956
wro4j;LogistRegression;Trad;0;model2;ROS;0.7476020633;0.6951123374;0.6446700508;0.7017622128;0.6732161318
wro4j;MLP;Trad;0;model1;ROS;0.8141133713;0.7891210091;0.5143824027;0.825340174;0.6698612883
wro4j;LogistRegression;Trad;0;model1;ADA;0.7236135868;0.6639731967;0.6751269036;0.6625027883;0.6688148459
wro4j;LogistRegression;Trad;0;model2;ADA;0.7282856025;0.6700827749;0.6565143824;0.6718715146;0.6641929485
wro4j;MLP;Trad;0;model2;SMOTE;0.797018177;0.7652739456;0.5194585448;0.7976801249;0.6585693349
wro4j;MLP;Trad;0;model1;ADA;0.7858164698;0.7491131257;0.538071066;0.7769350881;0.6575030771
wro4j;MLP;Trad;0;model1;SMOTE;0.8108069386;0.7873472605;0.461928934;0.8302476021;0.646088268
wro4j;RandomForest;Trad;0;model2;SMOTE;0.8595347914;0.8630271975;0.3570219966;0.9297345528;0.6433782747
wro4j;RandomForest;Trad;0;model1;ADA;0.8581195724;0.861253449;0.3553299492;0.9279500335;0.6416399913
wro4j;RandomForest;Trad;0;model2;ADA;0.8571404407;0.8600709499;0.3536379019;0.9268347089;0.6402363054
wro4j;MLP;Trad;0;model2;ADA;0.8076411744;0.7845880962;0.4331641286;0.8309167968;0.6320404627
wro4j;RandomForest;Trad;0;model1;SMOTE;0.853852337;0.8573117856;0.3350253807;0.9261655142;0.6305954474
wro4j;DT;Trad;0;model1;ADA;0.7974910638;0.7698068585;0.4416243655;0.8130716038;0.6273479847
wro4j;DT;Trad;0;model2;ADA;0.7904632001;0.7597556169;0.4450084602;0.8012491635;0.6231288119
wro4j;DT;Trad;0;model2;ROS;0.8379191506;0.8362238865;0.3214890017;0.9040820879;0.6127855448
wro4j;DT;Trad;0;model1;SMOTE;0.7527584527;0.7061489949;0.4788494078;0.7361142092;0.6074818085
wro4j;DT;Trad;0;model1;ROS;0.8351139748;0.8338588885;0.3045685279;0.9036359581;0.604102243
wro4j;DT;Trad;0;model2;SMOTE;0.7595267512;0.7163973197;0.4517766497;0.7512826232;0.6015296365
wro4j;DT;Trad;0;model2;NONE;0.8333449732;0.8346472211;0.2724196277;0.908766451;0.5905930394
wro4j;RandomForest;Trad;0;model2;ROS;0.8523652086;0.8679542767;0.2250423012;0.9527102387;0.5888762699
wro4j;MLP;Trad;0;model2;NONE;0.861307059;0.8843121797;0.1996615905;0.9745706;0.5871160953
wro4j;DT;Trad;0;model1;NONE;0.8314865158;0.8326763894;0.2656514382;0.9074280616;0.5865397499
wro4j;RandomForest;Trad;0;model1;ROS;0.8506481502;0.867165944;0.2131979695;0.9533794334;0.5832887015
wro4j;MLP;Trad;0;model1;NONE;0.8539023251;0.8845092629;0.1387478849;0.9828240018;0.5607859434
wro4j;RandomForest;Trad;0;model2;NONE;0.8525172382;0.8849034292;0.1269035533;0.984831586;0.5558675696
wro4j;RandomForest;Trad;0;model1;NONE;0.8486142072;0.882341348;0.1116751269;0.9839393263;0.5478072266
pdfbox;MLP;Trad;0;model2;ROS;0.7952963328;0.7565137355;0.6656327543;0.7682225064;0.7169276304
pdfbox;MLP;Trad;0;model1;ROS;0.81323162;0.7831350892;0.5961538462;0.8072250639;0.701689455
pdfbox;DT;Trad;0;model1;SMOTE;0.8145690224;0.7855423393;0.5818858561;0.8117806905;0.6968332733
pdfbox;MLP;Trad;0;model2;SMOTE;0.8064602489;0.7742141037;0.58808933;0.798193734;0.693141532
pdfbox;DT;Trad;0;model2;SMOTE;0.8337746365;0.814854149;0.520471464;0.8527813299;0.686626397
pdfbox;DT;Trad;0;model2;ROS;0.8725339086;0.8723449448;0.4441687345;0.9275095908;0.6858391626
pdfbox;DT;Trad;0;model1;ROS;0.8714182677;0.8711413197;0.4404466501;0.9266304348;0.6835385425
pdfbox;DT;Trad;0;model2;NONE;0.8740883239;0.8761682243;0.4205955335;0.934862532;0.6777290327
pdfbox;MLP;Trad;0;model2;ADA;0.8115003883;0.7832766922;0.5372208437;0.8149776215;0.6760992326
pdfbox;DT;Trad;0;model1;NONE;0.873650201;0.8760266214;0.4150124069;0.9354219949;0.6752172009
pdfbox;RandomForest;Trad;0;model2;ADA;0.8614435336;0.8584678561;0.4311414392;0.9135230179;0.6723322286
pdfbox;RandomForest;Trad;0;model2;SMOTE;0.8632999864;0.861441518;0.4249379653;0.9176790281;0.6713084967
pdfbox;DT;Trad;0;model2;ADA;0.8291762673;0.8102520532;0.4888337469;0.8516624041;0.6702480755
pdfbox;LogistRegression;Trad;0;model1;ROS;0.748292915;0.6949872557;0.6333746898;0.7029251918;0.6681499408
pdfbox;LogistRegression;Trad;0;model2;SMOTE;0.7468074254;0.6930048145;0.6358560794;0.7003676471;0.6681118632
pdfbox;RandomForest;Trad;0;model1;SMOTE;0.8640477192;0.8632115548;0.4150124069;0.9209558824;0.6679841447
pdfbox;MLP;Trad;0;model1;ADA;0.8192451594;0.7957377513;0.5018610422;0.8335997442;0.6677303932
pdfbox;LogistRegression;Trad;0;model1;SMOTE;0.7469289807;0.6932172189;0.6327543424;0.7010070332;0.6668806878
pdfbox;RandomForest;Trad;0;model1;ADA;0.8614823379;0.8597422826;0.4150124069;0.9170396419;0.6660260244
pdfbox;LogistRegression;Trad;0;model2;ROS;0.7449661657;0.6906683659;0.632133995;0.6982097187;0.6651718569
pdfbox;LogistRegression;Trad;0;model2;ADA;0.7333504903;0.6753752478;0.6507444169;0.6785485934;0.6646465051
pdfbox;LogistRegression;Trad;0;model1;ADA;0.7329701025;0.6748796375;0.6513647643;0.6779092072;0.6646369857
pdfbox;LogistRegression;Trad;0;model1;NONE;0.7495962472;0.6968988955;0.6222084367;0.7065217391;0.6643650879
pdfbox;LogistRegression;Trad;0;model2;NONE;0.7473349209;0.6939252336;0.6228287841;0.7030850384;0.6629569112
pdfbox;MLP;Trad;0;model1;SMOTE;0.8251277767;0.8054375531;0.4745657568;0.8480658568;0.6613158068
pdfbox;RandomForest;Trad;0;model1;ROS;0.8767951343;0.8850184084;0.3579404467;0.9529251918;0.6554328192
pdfbox;DT;Trad;0;model1;ADA;0.8000996537;0.7691163976;0.5018610422;0.8035485934;0.6527048178
pdfbox;RandomForest;Trad;0;model2;ROS;0.8756007787;0.8840271878;0.3517369727;0.9526054987;0.6521712357
pdfbox;RandomForest;Trad;0;model2;NONE;0.8714196786;0.8928065704;0.226426799;0.9786604859;0.6025436425
pdfbox;RandomForest;Trad;0;model1;NONE;0.8690077012;0.8913197395;0.2140198511;0.9785805627;0.5963002069
pdfbox;MLP;Trad;0;model1;NONE;0.8566249471;0.8839563863;0.1526054591;0.9781809463;0.5653932027
pdfbox;MLP;Trad;0;model2;NONE;0.8566701506;0.8849476069;0.1476426799;0.9799392583;0.5637909691
junit4;MLP;Trad;0;model1;ROS;0.9053722759;0.879015436;0.6428571429;0.8905908096;0.7667239762
junit4;MLP;Trad;0;model2;ROS;0.9063867582;0.8815185649;0.5982142857;0.895404814;0.7468095499
junit4;MLP;Trad;0;model1;SMOTE;0.9027898672;0.8760951189;0.5892857143;0.8901531729;0.7397194436
junit4;LogistRegression;Trad;0;model2;NONE;0.8269939608;0.7580308719;0.7142857143;0.7601750547;0.7372303845
junit4;LogistRegression;Trad;0;model1;NONE;0.8261462139;0.7567793075;0.7142857143;0.7588621444;0.7365739294
junit4;LogistRegression;Trad;0;model1;ADA;0.8283717309;0.7601168127;0.7053571429;0.7628008753;0.7340790091
junit4;LogistRegression;Trad;0;model2;SMOTE;0.8227464807;0.7517730496;0.7142857143;0.7536105033;0.7339481088
junit4;LogistRegression;Trad;0;model1;SMOTE;0.8308673071;0.763871506;0.6964285714;0.7671772429;0.7318029072
junit4;LogistRegression;Trad;0;model2;ADA;0.8266473687;0.7576136838;0.6964285714;0.7606126915;0.7285206314
junit4;LogistRegression;Trad;0;model2;ROS;0.8141836848;0.7392574051;0.7142857143;0.7404814004;0.7273835574
junit4;LogistRegression;Trad;0;model1;ROS;0.8150225087;0.7405089695;0.7053571429;0.7422319475;0.7237945452
junit4;DT;Trad;0;model1;ADA;0.9168316181;0.8994576554;0.5267857143;0.9177242888;0.7222550016
junit4;MLP;Trad;0;model2;ADA;0.9168316181;0.8994576554;0.5267857143;0.9177242888;0.7222550016
junit4;MLP;Trad;0;model1;ADA;0.9053517791;0.8811013767;0.5446428571;0.8975929978;0.7211179275
junit4;DT;Trad;0;model2;SMOTE;0.9224725996;0.9086357947;0.5089285714;0.9282275711;0.7185780713
junit4;MLP;Trad;0;model2;SMOTE;0.9187889138;0.9032123488;0.5;0.92297593;0.711487965
junit4;DT;Trad;0;model1;SMOTE;0.9246921014;0.9128076763;0.4821428571;0.933916849;0.7080298531
junit4;DT;Trad;0;model1;ROS;0.9450116197;0.9440967877;0.4375;0.9689277899;0.703213895
junit4;DT;Trad;0;model2;ADA;0.9152474355;0.8982060909;0.4821428571;0.9185995624;0.7003712098
junit4;DT;Trad;0;model2;ROS;0.9438926804;0.9428452232;0.4285714286;0.9680525164;0.6983119725
junit4;RandomForest;Trad;0;model1;SMOTE;0.9449953397;0.9453483521;0.4017857143;0.9719912473;0.6868884808
junit4;RandomForest;Trad;0;model2;ADA;0.9454105481;0.9465999166;0.3839285714;0.9741794311;0.6790540013
junit4;RandomForest;Trad;0;model1;ADA;0.9439108939;0.9445139758;0.3839285714;0.9719912473;0.6779599093
junit4;DT;Trad;0;model2;NONE;0.9455042326;0.9474342929;0.3660714286;0.9759299781;0.6710007033
junit4;DT;Trad;0;model1;NONE;0.9452408478;0.9474342929;0.3571428571;0.9763676149;0.666755236
junit4;RandomForest;Trad;0;model2;SMOTE;0.9431478552;0.9445139758;0.3571428571;0.9733041575;0.6652235073
junit4;RandomForest;Trad;0;model2;ROS;0.9545120584;0.9612015019;0.3214285714;0.9925601751;0.6569943732
junit4;RandomForest;Trad;0;model1;ROS;0.9502255103;0.9582811848;0.2678571429;0.9921225383;0.6299898406
junit4;MLP;Trad;0;model2;NONE;0.9439651669;0.9507717981;0.25;0.9851203501;0.6175601751
junit4;MLP;Trad;0;model1;NONE;0.944048812;0.9524405507;0.2232142857;0.9881838074;0.6056990466
junit4;RandomForest;Trad;0;model1;NONE;0.9416248586;0.9578639967;0.1071428571;0.9995623632;0.5533526102
junit4;RandomForest;Trad;0;model2;NONE;0.9387775351;0.9553608678;0.08928571429;0.9978118162;0.5435487652
commons-io;RandomForest;Trad;0;model1;ROS;0.9633929851;0.9624770908;0.8808432631;0.9720784821;0.9264608726
commons-io;RandomForest;Trad;0;model2;ROS;0.9635281363;0.9626700106;0.8780934922;0.9726175075;0.9253554999
commons-io;RandomForest;Trad;0;model2;ADA;0.9593978836;0.9583293142;0.8643446379;0.9693833549;0.9168639964
commons-io;RandomForest;Trad;0;model1;ADA;0.9597301747;0.9587151539;0.8634280477;0.9699223803;0.916675214
commons-io;RandomForest;Trad;0;model2;SMOTE;0.9606432198;0.959776213;0.8606782768;0.9714316516;0.9160549642
commons-io;DT;Trad;0;model2;SMOTE;0.9490721394;0.946368284;0.8771769019;0.9545062527;0.9158415773
commons-io;DT;Trad;0;model1;ROS;0.9600769352;0.9591974535;0.857928506;0.9711082363;0.9145183711
commons-io;DT;Trad;0;model2;ROS;0.9612548924;0.9605478924;0.8551787351;0.9729409228;0.914059829
commons-io;RandomForest;Trad;0;model1;SMOTE;0.9601775113;0.9593903733;0.8533455545;0.9718628719;0.9126042132
commons-io;DT;Trad;0;model1;SMOTE;0.9470215948;0.9443426256;0.8606782768;0.9541828374;0.9074305571
commons-io;RandomForest;Trad;0;model1;NONE;0.962457815;0.962187711;0.8368469294;0.9769297111;0.9068883203
commons-io;RandomForest;Trad;0;model2;NONE;0.9625750505;0.9624770908;0.8276810266;0.9783311772;0.9030061019
commons-io;DT;Trad;0;model2;NONE;0.9563240364;0.9558213562;0.8166819432;0.9721862872;0.8944341152
commons-io;DT;Trad;0;model1;ADA;0.9438923431;0.9413523681;0.832263978;0.9541828374;0.8932234077
commons-io;DT;Trad;0;model1;NONE;0.9560654746;0.9556284364;0.8120989918;0.9725097025;0.8923043471
commons-io;MLP;Trad;0;model1;ROS;0.9219930722;0.9152117295;0.8285976169;0.9253988788;0.8769982478
commons-io;MLP;Trad;0;model1;SMOTE;0.923898568;0.9188772065;0.7827681027;0.9348857266;0.8588269146
commons-io;MLP;Trad;0;model2;ADA;0.9218130192;0.9162727887;0.7846012832;0.931759379;0.8581803311
commons-io;MLP;Trad;0;model2;ROS;0.921554188;0.9159834089;0.7836846929;0.9315437689;0.8576142309
commons-io;MLP;Trad;0;model1;ADA;0.9164749303;0.9108710331;0.7479376719;0.9300344976;0.8389860847
commons-io;MLP;Trad;0;model2;SMOTE;0.9243500994;0.9214816244;0.7186067828;0.9453428202;0.8319748015
commons-io;DT;Trad;0;model2;ADA;0.9099692961;0.9038294589;0.7176901925;0.9257222941;0.8217062433
commons-io;MLP;Trad;0;model2;NONE;0.9339405356;0.9382656506;0.5719523373;0.9813497197;0.7766510285
commons-io;MLP;Trad;0;model1;NONE;0.9311371256;0.9359506125;0.5527039413;0.9810263044;0.7668651229
commons-io;LogistRegression;Trad;0;model2;SMOTE;0.7845540509;0.736567956;0.7250229148;0.7379258301;0.7314743724
commons-io;LogistRegression;Trad;0;model1;SMOTE;0.7827153705;0.734156458;0.7231897342;0.7354463131;0.7293180236
commons-io;LogistRegression;Trad;0;model2;NONE;0.7762759608;0.725571525;0.725939505;0.7255282449;0.725733875
commons-io;LogistRegression;Trad;0;model2;ROS;0.7808259358;0.73174496;0.7176901925;0.7333980164;0.7255441044
commons-io;LogistRegression;Trad;0;model1;NONE;0.7746253846;0.7234494068;0.7222731439;0.7235877533;0.7229304486
commons-io;LogistRegression;Trad;0;model1;ROS;0.7774592657;0.7274042635;0.7103574702;0.7294092281;0.7198833492
commons-io;LogistRegression;Trad;0;model2;ADA;0.7502422458;0.6921963924;0.6663611366;0.6952350151;0.6807980758
commons-io;LogistRegression;Trad;0;model1;ADA;0.7530499193;0.6960547892;0.6535288726;0.7010564899;0.6772926812
commons-bcel;RandomForest;Trad;0;model2;ADA;0.9736975839;0.973374613;0.7978723404;0.9842209073;0.8910466239
commons-bcel;RandomForest;Trad;0;model1;ADA;0.9728898485;0.972755418;0.7765957447;0.9848783695;0.8807370571
commons-bcel;RandomForest;Trad;0;model2;SMOTE;0.9685618448;0.9678018576;0.7765957447;0.9796186719;0.8781072083
commons-bcel;RandomForest;Trad;0;model1;SMOTE;0.9675003525;0.9665634675;0.7765957447;0.9783037475;0.8774497461
commons-bcel;LogistRegression;Trad;0;model2;SMOTE;0.9192499966;0.9015479876;0.829787234;0.905982906;0.86788507
commons-bcel;LogistRegression;Trad;0;model1;SMOTE;0.920394966;0.9034055728;0.8191489362;0.9086127548;0.8638808455
commons-bcel;DT;Trad;0;model2;ADA;0.9389557237;0.9300309598;0.7872340426;0.9388560158;0.8630450292
commons-bcel;LogistRegression;Trad;0;model2;ROS;0.9169419804;0.8984520124;0.8191489362;0.9033530572;0.8612509967
commons-bcel;LogistRegression;Trad;0;model1;ROS;0.921539258;0.9052631579;0.8085106383;0.9112426036;0.8598766209
commons-bcel;LogistRegression;Trad;0;model1;NONE;0.9146424448;0.8953560372;0.8085106383;0.9007232084;0.8546169234
commons-bcel;LogistRegression;Trad;0;model2;NONE;0.9125039773;0.8922600619;0.8085106383;0.8974358974;0.8529732679
commons-bcel;MLP;Trad;0;model2;SMOTE;0.9644371001;0.9647058824;0.6808510638;0.9822485207;0.8315497923
commons-bcel;MLP;Trad;0;model2;ROS;0.9614161205;0.9616099071;0.6595744681;0.9802761341;0.8199253011
commons-bcel;DT;Trad;0;model1;ADA;0.9463984327;0.9424148607;0.6808510638;0.9585798817;0.8197154727
commons-bcel;MLP;Trad;0;model1;SMOTE;0.9608071416;0.9616099071;0.6276595745;0.9822485207;0.8049540476
commons-bcel;DT;Trad;0;model2;SMOTE;0.9458104943;0.9430340557;0.6276595745;0.9625246548;0.7950921147
commons-bcel;DT;Trad;0;model1;SMOTE;0.9244870068;0.9139318885;0.6276595745;0.9316239316;0.779641753
commons-bcel;RandomForest;Trad;0;model1;ROS;0.9663616752;0.9696594427;0.5531914894;0.9953977646;0.774294627
commons-bcel;MLP;Trad;0;model2;ADA;0.9537290861;0.9547987616;0.5638297872;0.9789612097;0.7713954985
commons-bcel;DT;Trad;0;model1;ROS;0.9417894035;0.9393188854;0.5744680851;0.9618671926;0.7681676389
commons-bcel;MLP;Trad;0;model1;ROS;0.9544891641;0.9566563467;0.5319148936;0.9829059829;0.7574104383
commons-bcel;DT;Trad;0;model2;ROS;0.9448162542;0.9442724458;0.5425531915;0.9690992768;0.7558262341
commons-bcel;DT;Trad;0;model1;NONE;0.93448344;0.9312693498;0.5212765957;0.9566074951;0.7389420454
commons-bcel;RandomForest;Trad;0;model2;ROS;0.9588559561;0.9640866873;0.4574468085;0.9953977646;0.7264222866
commons-bcel;DT;Trad;0;model2;NONE;0.9351612438;0.93374613;0.4787234043;0.9618671926;0.7202952984
commons-bcel;LogistRegression;Trad;0;model1;ADA;0.8963067322;0.8749226006;0.5425531915;0.8954635108;0.7190083512
commons-bcel;LogistRegression;Trad;0;model2;ADA;0.8946748549;0.8724458204;0.5425531915;0.8928336621;0.7176934268
commons-bcel;MLP;Trad;0;model1;ADA;0.9487033461;0.9529411765;0.4361702128;0.9848783695;0.7105242911
commons-bcel;MLP;Trad;0;model1;NONE;0.9551372113;0.9609907121;0.4255319149;0.9940828402;0.7098073776
commons-bcel;MLP;Trad;0;model2;NONE;0.9533505655;0.959752322;0.4042553191;0.9940828402;0.6991690797
commons-bcel;RandomForest;Trad;0;model1;NONE;0.9489585171;0.9585139319;0.3191489362;0.9980276134;0.6585882748
commons-bcel;RandomForest;Trad;0;model2;NONE;0.940489148;0.9541795666;0.2234042553;0.9993425378;0.6113733966
wro4j;RandomForest;Our;3;model2;ADA;0.9366822295;0.9347581552;0.8044692737;0.9526612078;0.8785652408
wro4j;RandomForest;Our;3;model2;SMOTE;0.9362433297;0.9349831271;0.7783985102;0.9564994882;0.8674489992
wro4j;RandomForest;Our;3;model1;ADA;0.9344252708;0.9329583802;0.7765363128;0.9544524053;0.8654943591
wro4j;DT;Our;3;model2;ADA;0.9264681786;0.9235095613;0.7839851024;0.9426816786;0.8633333905
wro4j;RandomForest;Our;3;model1;SMOTE;0.9345805788;0.9336332958;0.7597765363;0.9575230297;0.858649783
wro4j;DT;Our;3;model2;SMOTE;0.92378251;0.9205849269;0.7765363128;0.9403787103;0.8584575116
wro4j;DT;Our;3;model1;SMOTE;0.9255349564;0.9230596175;0.7635009311;0.9449846469;0.854242789
wro4j;DT;Our;3;model1;ADA;0.9206335296;0.9176602925;0.7523277467;0.9403787103;0.8463532285
wro4j;RandomForest;Our;3;model2;ROS;0.9339995156;0.9356580427;0.677839851;0.9710849539;0.8244624025
wro4j;RandomForest;Our;3;model1;ROS;0.9319080996;0.9338582677;0.6629422719;0.9710849539;0.8170136129
wro4j;DT;Our;3;model2;ROS;0.9208102538;0.9212598425;0.6610800745;0.957011259;0.8090456667
wro4j;DT;Our;3;model1;ROS;0.9230123436;0.9239595051;0.6573556797;0.960593654;0.8089746669
wro4j;MLP;Our;3;model1;ADA;0.8873269508;0.8785151856;0.7094972067;0.9017400205;0.8056186136
wro4j;MLP;Our;3;model1;ROS;0.8993881368;0.894488189;0.687150838;0.9229785056;0.8050646718
wro4j;MLP;Our;3;model1;SMOTE;0.9027208088;0.8992125984;0.6722532588;0.9303991812;0.80132622
wro4j;DT;Our;3;model2;NONE;0.9174922701;0.9183352081;0.6387337058;0.9567553736;0.7977445397
wro4j;MLP;Our;3;model2;ADA;0.894611736;0.890663667;0.6405959032;0.9250255885;0.7828107459
wro4j;DT;Our;3;model1;NONE;0.9164285017;0.9187851519;0.6014897579;0.9623848516;0.7819373048
wro4j;MLP;Our;3;model2;ROS;0.9048436449;0.9057367829;0.5884543762;0.9493346981;0.7688945371
wro4j;MLP;Our;3;model2;SMOTE;0.9046120588;0.9066366704;0.5661080074;0.9534288639;0.7597684357
wro4j;LogistRegression;Our;3;model1;ROS;0.7728004926;0.7271091114;0.7951582868;0.7177584442;0.7564583655
wro4j;LogistRegression;Our;3;model1;ADA;0.7495985576;0.6974128234;0.8268156425;0.6796315251;0.7532235838
wro4j;LogistRegression;Our;3;model2;ROS;0.7711262136;0.7250843645;0.7877094972;0.7164790174;0.7520942573
wro4j;LogistRegression;Our;3;model1;SMOTE;0.7663911381;0.7190101237;0.7895716946;0.7093142272;0.7494429609
wro4j;LogistRegression;Our;3;model2;SMOTE;0.769826633;0.7235095613;0.782122905;0.7154554759;0.7487891905
wro4j;LogistRegression;Our;3;model2;ADA;0.7512394754;0.6996625422;0.8044692737;0.6852610031;0.7448651384
wro4j;LogistRegression;Our;3;model1;NONE;0.7717404745;0.7262092238;0.7672253259;0.7205731832;0.7438992545
wro4j;LogistRegression;Our;3;model2;NONE;0.7747290323;0.7302587177;0.7560521415;0.7267144319;0.7413832867
wro4j;MLP;Our;3;model2;NONE;0.9032920661;0.9106861642;0.4729981378;0.9708290686;0.7219136032
wro4j;MLP;Our;3;model1;NONE;0.9007202901;0.9077615298;0.4711359404;0.9677584442;0.7194471923
wro4j;RandomForest;Our;3;model2;NONE;0.9121817854;0.9226096738;0.4487895717;0.9877175026;0.7182535371
wro4j;RandomForest;Our;3;model1;NONE;0.9110465119;0.9217097863;0.4432029795;0.9874616172;0.7153322984
pdfbox;RandomForest;Our;3;model2;SMOTE;0.9386706345;0.9385543088;0.7340496978;0.9647778161;0.8494137569
pdfbox;MLP;Our;3;model2;ROS;0.9138588124;0.9080986184;0.7696440564;0.9258525663;0.8477483114
pdfbox;RandomForest;Our;3;model2;ADA;0.9372558997;0.9370277078;0.7313633311;0.9633999311;0.8473816311
pdfbox;RandomForest;Our;3;model1;ADA;0.9397877106;0.9400809099;0.725319006;0.9676197038;0.8464693549
pdfbox;RandomForest;Our;3;model1;SMOTE;0.938719419;0.9389359591;0.723304231;0.96658629;0.8449452605
pdfbox;MLP;Our;3;model1;ROS;0.9002921102;0.891000687;0.7777031565;0.9055287633;0.8416159599
pdfbox;MLP;Our;3;model1;ADA;0.8976971748;0.8876421647;0.7803895232;0.9013951085;0.8408923158
pdfbox;DT;Our;3;model1;ADA;0.9163775154;0.911915121;0.7474815312;0.9330003445;0.8402409379
pdfbox;DT;Our;3;model2;ADA;0.9243009117;0.9219906877;0.7306917394;0.9465208405;0.83860629
pdfbox;MLP;Our;3;model2;NONE;0.9268758226;0.9255782001;0.7145735393;0.952635205;0.8336043721
pdfbox;MLP;Our;3;model2;SMOTE;0.9207621705;0.9182505152;0.717259906;0.944023424;0.830641665
pdfbox;DT;Our;3;model1;SMOTE;0.893854051;0.883596672;0.7568838146;0.8998449879;0.8283644013
pdfbox;MLP;Our;3;model1;SMOTE;0.8981408407;0.889550416;0.7421087979;0.9084567689;0.8252827834
pdfbox;RandomForest;Our;3;model2;ROS;0.9354968494;0.9368750477;0.6749496306;0.9704615915;0.822705611
pdfbox;RandomForest;Our;3;model1;ROS;0.9354761617;0.9368750477;0.674278039;0.9705477093;0.8224128741
pdfbox;DT;Our;3;model2;SMOTE;0.9062010288;0.9005419434;0.717259906;0.9240440923;0.8206519991
pdfbox;MLP;Our;3;model2;ADA;0.9239127176;0.9237462789;0.6695768972;0.9563382708;0.812957584
pdfbox;DT;Our;3;model1;ROS;0.9242935928;0.9246622395;0.6574882471;0.958921805;0.8082050261
pdfbox;DT;Our;3;model2;ROS;0.9218904659;0.9221433478;0.6501007388;0.9570272132;0.803563976
pdfbox;DT;Our;3;model1;NONE;0.922296403;0.9230593084;0.639355272;0.9594385119;0.7993968919
pdfbox;DT;Our;3;model2;NONE;0.9225752168;0.9234409587;0.6380120887;0.9600413365;0.7990267126
pdfbox;MLP;Our;3;model1;NONE;0.9302025579;0.9348141363;0.5762256548;0.9807957286;0.7785106917
pdfbox;RandomForest;Our;3;model2;NONE;0.9321012669;0.9377910083;0.5567494963;0.9866517396;0.7717006179
pdfbox;RandomForest;Our;3;model1;NONE;0.9301125053;0.9364170674;0.5392881128;0.9873406821;0.7633143974
pdfbox;LogistRegression;Our;3;model1;ROS;0.8064045373;0.7698648958;0.7112155809;0.7773854633;0.7443005221
pdfbox;LogistRegression;Our;3;model2;SMOTE;0.8040984239;0.7667353637;0.7132303559;0.7735962797;0.7434133178
pdfbox;LogistRegression;Our;3;model2;NONE;0.8036973753;0.7662010534;0.7132303559;0.772993455;0.7431119055
pdfbox;LogistRegression;Our;3;model1;NONE;0.8042292329;0.7669643539;0.7112155809;0.7741129866;0.7426642837
pdfbox;LogistRegression;Our;3;model1;SMOTE;0.8062348707;0.7697885658;0.7058428475;0.777988288;0.7419155678
pdfbox;LogistRegression;Our;3;model2;ROS;0.8064638232;0.770170216;0.7031564809;0.7787633483;0.7409599146
pdfbox;LogistRegression;Our;3;model2;ADA;0.7939734182;0.7529959545;0.7246474144;0.7566310713;0.7406392428
pdfbox;LogistRegression;Our;3;model1;ADA;0.7931661507;0.7519273338;0.7246474144;0.755425422;0.7400364182
junit4;DT;Our;3;model1;SMOTE;0.973267687;0.9721964782;0.8214285714;0.9804496579;0.9009391146
junit4;RandomForest;Our;3;model1;SMOTE;0.9813048632;0.9814643188;0.8035714286;0.991202346;0.8973868873
junit4;RandomForest;Our;3;model2;SMOTE;0.9802839504;0.9805375348;0.7857142857;0.991202346;0.8884583159
junit4;DT;Our;3;model1;ADA;0.9689253439;0.9675625579;0.7857142857;0.9775171065;0.8816156961
junit4;DT;Our;3;model2;SMOTE;0.9685380002;0.9670991659;0.7857142857;0.977028348;0.8813713169
junit4;RandomForest;Our;3;model2;ADA;0.9801065274;0.9805375348;0.7678571429;0.9921798631;0.880018503
junit4;DT;Our;3;model2;ADA;0.9721371539;0.9717330862;0.7589285714;0.9833822092;0.8711553903
junit4;RandomForest;Our;3;model1;ADA;0.9784371382;0.9791473587;0.7321428571;0.9926686217;0.8624057394
junit4;DT;Our;3;model2;NONE;0.9702273053;0.9708063021;0.6785714286;0.9868035191;0.8326874738
junit4;LogistRegression;Our;3;model2;ADA;0.8993575359;0.8702502317;0.7857142857;0.8748778104;0.830296048
junit4;LogistRegression;Our;3;model1;ROS;0.902326894;0.874884152;0.7767857143;0.8802541544;0.8285199344
junit4;DT;Our;3;model1;NONE;0.969686137;0.9703429101;0.6696428571;0.9868035191;0.8282231881
junit4;DT;Our;3;model1;ROS;0.9664936341;0.9666357739;0.6696428571;0.9828934506;0.8262681539
junit4;LogistRegression;Our;3;model1;SMOTE;0.9037565637;0.8772011121;0.7678571429;0.8831867058;0.8255219243
junit4;LogistRegression;Our;3;model1;NONE;0.8967976085;0.8665430955;0.7767857143;0.8714565005;0.8241211074
junit4;LogistRegression;Our;3;model1;ADA;0.9016033896;0.8739573679;0.7678571429;0.8797653959;0.8238112694
junit4;LogistRegression;Our;3;model2;SMOTE;0.9033376805;0.8767377201;0.7589285714;0.8831867058;0.8210576386
junit4;LogistRegression;Our;3;model2;ROS;0.9019968433;0.874884152;0.75;0.8817204301;0.8158602151
junit4;DT;Our;3;model2;ROS;0.963314421;0.9633920297;0.6428571429;0.9809384164;0.8118977796
junit4;LogistRegression;Our;3;model2;NONE;0.8955646031;0.8651529194;0.75;0.8714565005;0.8107282502
junit4;RandomForest;Our;3;model1;ROS;0.9729886494;0.9749768304;0.6160714286;0.9946236559;0.8053475422
junit4;RandomForest;Our;3;model2;ROS;0.9724136659;0.9745134384;0.6071428571;0.9946236559;0.8008832565
junit4;MLP;Our;3;model2;SMOTE;0.9578927026;0.9573679333;0.6160714286;0.9760508309;0.7960611297
junit4;MLP;Our;3;model2;ADA;0.9609509552;0.9615384615;0.5982142857;0.981427175;0.7898207303
junit4;MLP;Our;3;model1;ADA;0.959460662;0.9606116775;0.5625;0.9824046921;0.772452346
junit4;MLP;Our;3;model1;SMOTE;0.9568124629;0.9573679333;0.5625;0.9789833822;0.7707416911
junit4;MLP;Our;3;model2;ROS;0.9567989892;0.9578313253;0.5446428571;0.9804496579;0.7625462575
junit4;MLP;Our;3;model1;ROS;0.9560195445;0.9573679333;0.5267857143;0.9809384164;0.7538620654
junit4;MLP;Our;3;model1;NONE;0.956888425;0.9624652456;0.4017857143;0.9931573803;0.6974715473
junit4;RandomForest;Our;3;model1;NONE;0.9587093045;0.9652455978;0.3839285714;0.9970674487;0.6904980101
junit4;RandomForest;Our;3;model2;NONE;0.9592268623;0.9661723818;375;0.9985337243;0.6867668622
junit4;MLP;Our;3;model2;NONE;0.9557175299;0.9624652456;0.3660714286;0.9951124145;0.6805919215
commons-io;RandomForest;Our;3;model2;ROS;0.966505479;0.9666185864;0.8376313276;0.9822150364;0.909923182
commons-io;RandomForest;Our;3;model1;ROS;0.9665013157;0.9667216155;0.8309455587;0.9831389306;0.9070422447
commons-io;MLP;Our;3;model2;ROS;0.9413538333;0.9379765094;0.8576886342;0.9476844901;0.9026865622
commons-io;RandomForest;Our;3;model2;SMOTE;0.9620052822;0.9620853081;0.8194842407;0.979327867;0.8994060538
commons-io;RandomForest;Our;3;model2;ADA;0.9634700191;0.9637337729;0.8156638013;0.9816376025;0.8986507019
commons-io;RandomForest;Our;3;model1;SMOTE;0.9618290542;0.961982279;0.8147086915;0.9797898141;0.8972492528
commons-io;RandomForest;Our;3;model1;ADA;0.9623528718;0.9626004533;0.811843362;0.9808291951;0.8963362785
commons-io;MLP;Our;3;model2;SMOTE;0.9406814584;0.9378734803;0.8290353391;0.9510336067;0.8900344729
commons-io;DT;Our;3;model1;SMOTE;0.9357075476;0.9321038533;0.8261700096;0.9449128075;0.8855414085
commons-io;MLP;Our;3;model1;ADA;0.9430839737;0.9412734391;0.8042024833;0.9578473265;0.8810249049
commons-io;MLP;Our;3;model1;ROS;0.9472569606;0.9463218628;0.7927411652;0.9648920199;0.8788165925
commons-io;DT;Our;3;model2;SMOTE;0.9376958847;0.9351947249;0.7975167144;0.9518420141;0.8746793643
commons-io;RandomForest;Our;3;model2;NONE;0.9624973321;0.963836802;0.7554918816;0.9890287562;0.8722603189
commons-io;RandomForest;Our;3;model1;NONE;0.9609796865;0.9622913662;0.7526265521;0.9876429149;0.8701347335
commons-io;MLP;Our;3;model1;SMOTE;0.9460354151;0.9460127756;0.7507163324;0.9696269777;0.860171655
commons-io;DT;Our;3;model1;ADA;0.9384136406;0.9373583351;0.7497612225;0.9600415752;0.8549013989
commons-io;DT;Our;3;model2;ADA;0.9420245055;0.9420976715;0.7287488061;0.9678946761;0.8483217411
commons-io;DT;Our;3;model1;ROS;0.946233905;0.9470430661;0.7211079274;0.9743619356;0.8477349315
commons-io;MLP;Our;3;model2;ADA;0.9431888919;0.9437461364;0.7172874881;0.9711283058;0.8442078969
commons-io;DT;Our;3;model2;ROS;0.9444254273;0.9451885432;0.7153772684;0.9729760942;0.8441766813
commons-io;DT;Our;3;model1;NONE;0.9431265961;0.9452915722;0.664756447;0.9792123802;0.8219844136
commons-io;DT;Our;3;model2;NONE;0.9410779097;0.942921904;0.6676217765;0.976209724;0.8219157502
commons-io;MLP;Our;3;model2;NONE;0.9434932387;0.9463218628;0.6456542502;0.9826769835;0.8141656169
commons-io;MLP;Our;3;model1;NONE;0.9426784158;0.9453946013;0.6466093601;0.9815221157;0.8140657379
commons-io;LogistRegression;Our;3;model2;ROS;0.8119147737;0.7743663713;0.7268385864;0.780113177;0.7534758817
commons-io;LogistRegression;Our;3;model1;ROS;0.8065257525;0.7671543375;0.7258834766;0.7721445894;0.749014033
commons-io;LogistRegression;Our;3;model1;ADA;0.8039209999;0.7637543787;0.7220630372;0.7687954729;0.7454292551
commons-io;LogistRegression;Our;3;model2;SMOTE;0.8070193101;0.768081599;0.7153772684;0.774454325;0.7449157967
commons-io;LogistRegression;Our;3;model2;ADA;0.8016407803;0.7607665362;0.7191977077;0.7657928167;0.7424952622
commons-io;LogistRegression;Our;3;model1;NONE;0.8055309446;0.766227076;0.7096466094;0.7730684837;0.7413575465
commons-io;LogistRegression;Our;3;model1;SMOTE;0.8066823997;0.7678755409;0.70582617;0.7753782192;0.7406021946
commons-io;LogistRegression;Our;3;model2;NONE;0.8032495284;0.7631362044;0.7106017192;0.7694883936;0.7400450564
commons-bcel;LogistRegression;Our;3;model1;SMOTE;0.9310263764;0.9051217464;0.9459459459;0.903812825;0.9248793855
commons-bcel;LogistRegression;Our;3;model1;ADA;0.9299705308;0.9034424853;0.9459459459;0.9020797227;0.9240128343
commons-bcel;LogistRegression;Our;3;model2;ROS;0.9262828089;0.8975650714;0.9459459459;0.8960138648;0.9209799054
commons-bcel;LogistRegression;Our;3;model1;ROS;0.9257568276;0.8967254408;0.9459459459;0.8951473137;0.9205466298
commons-bcel;LogistRegression;Our;3;model1;NONE;0.920505225;0.8883291352;0.9459459459;0.8864818024;0.9162138742
commons-bcel;LogistRegression;Our;3;model2;NONE;0.920505225;0.8883291352;0.9459459459;0.8864818024;0.9162138742
commons-bcel;LogistRegression;Our;3;model2;SMOTE;0.9313871088;0.905961377;0.9189189189;0.9055459272;0.9122324231
commons-bcel;LogistRegression;Our;3;model2;ADA;0.9292789876;0.9026028547;0.9189189189;0.9020797227;0.9104993208
commons-bcel;RandomForest;Our;3;model2;ADA;0.992059998;0.9924433249;0.7837837838;0.9991334489;0.8914586163
commons-bcel;RandomForest;Our;3;model1;ADA;0.9912441546;0.9916036944;0.7837837838;0.9982668977;0.8910253408
commons-bcel;DT;Our;3;model2;ROS;0.9836233916;0.9832073887;0.7837837838;0.9896013865;0.8866925851
commons-bcel;MLP;Our;3;model1;ROS;0.9801062027;0.9790092359;0.7837837838;0.9852686308;0.8845262073
commons-bcel;MLP;Our;3;model1;ADA;0.9794215349;0.9781696054;0.7837837838;0.9844020797;0.8840929318
commons-bcel;MLP;Our;3;model1;SMOTE;0.9794215349;0.9781696054;0.7837837838;0.9844020797;0.8840929318
commons-bcel;RandomForest;Our;3;model1;ROS;0.9911093288;0.9916036944;0.7567567568;0.9991334489;0.8779451028
commons-bcel;RandomForest;Our;3;model2;ROS;0.9911093288;0.9916036944;0.7567567568;0.9991334489;0.8779451028
commons-bcel;MLP;Our;3;model2;SMOTE;0.9812786572;0.9806884971;0.7567567568;0.9878682842;0.8723125205
commons-bcel;MLP;Our;3;model2;ADA;0.9805782728;0.9798488665;0.7567567568;0.9870017331;0.8718792449
commons-bcel;MLP;Our;3;model2;ROS;0.9805782728;0.9798488665;0.7567567568;0.9870017331;0.8718792449
commons-bcel;RandomForest;Our;3;model2;SMOTE;0.9901425906;0.9907640638;0.7297297297;0.9991334489;0.8644315893
commons-bcel;DT;Our;3;model1;ADA;0.9832073887;0.9832073887;0.7297297297;0.9913344887;0.8605321092
commons-bcel;DT;Our;3;model2;SMOTE;0.9755933292;0.9739714526;0.7297297297;0.9818024263;0.855766078
commons-bcel;RandomForest;Our;3;model1;SMOTE;0.9883503343;0.9890848027;0.7027027027;0.9982668977;0.8504848002
commons-bcel;DT;Our;3;model2;NONE;0.9875530603;0.9882451721;0.7027027027;0.9974003466;0.8500515247
commons-bcel;MLP;Our;3;model1;NONE;0.9852245444;0.9857262804;0.7027027027;0.9948006932;0.848751698
commons-bcel;MLP;Our;3;model2;NONE;0.9852245444;0.9857262804;0.7027027027;0.9948006932;0.848751698
commons-bcel;DT;Our;3;model2;ADA;0.979404487;0.9790092359;0.7027027027;0.9878682842;0.8452854935
commons-bcel;DT;Our;3;model1;SMOTE;0.9727954712;0.9714525609;0.6486486486;0.9818024263;0.8152255375
commons-bcel;DT;Our;3;model1;NONE;0.9808702541;0.9823677582;0.5675675676;0.9956672444;0.781617406
commons-bcel;DT;Our;3;model1;ROS;0.9772348019;0.9781696054;0.5675675676;0.9913344887;0.7794510282
commons-bcel;RandomForest;Our;3;model2;NONE;0.9836499268;0.9857262804;0.5405405405;1;0.7702702703
commons-bcel;RandomForest;Our;3;model1;NONE;0.9813566327;0.9840470193;0.4864864865;1;0.7432432432
